Order ID,Order Date,Customer ID,Customer Name,Region,Product Category,Product Name,Quantity Sold,Unit Price,Total Sales,Profit Margin (%),Profit Amount,Payment Method,Order Status,Customer Segment,Month,Year,Day
ORD0001,2024-02-17,CUST372,Customer 46,East,Furniture,Table,1,402.93,402.93,17.48,70.43,PayPal,Canceled,Wholesale,Feb,2024,17
ORD0002,2024-02-22,CUST962,Customer 94,North,Electronics,Laptop,5,399.1,1995.5,15.61,311.5,Credit Card,Pending,Corporate,Feb,2024,22
ORD0003,2024-01-12,CUST233,Customer 20,East,Electronics,Smartphone,6,155.03,930.18,26.69,248.27,Bank Transfer,Pending,Retail,Jan,2024,12
ORD0004,2024-02-25,CUST927,Customer 117,North,Groceries,Eggs,2,195.79,391.58,5.4,21.15,Bank Transfer,Completed,Wholesale,Feb,2024,25
ORD0005,2024-01-24,CUST950,Customer 12,East,Groceries,Eggs,1,63.77,63.77,25.53,16.28,Credit Card,Canceled,Corporate,Jan,2024,24
ORD0006,2024-02-19,CUST909,Customer 148,West,Clothing,Shirt,3,144.67,434.01,22.13,96.05,PayPal,Pending,Wholesale,Feb,2024,19
ORD0007,2024-01-04,CUST153,Customer 70,West,Clothing,Jeans,7,299.35,2095.45,15.63,327.52,PayPal,Completed,Corporate,Jan,2024,4
ORD0008,2024-02-10,CUST896,Customer 69,West,Groceries,Eggs,10,138.13,1381.3,16.66,230.12,Cash,Completed,Wholesale,Feb,2024,10
ORD0009,2024-02-23,CUST689,Customer 197,North,Groceries,Milk,2,371.12,742.24,22.09,163.96,Cash,Canceled,Wholesale,Feb,2024,23
ORD0010,2024-01-12,CUST678,Customer 82,North,Electronics,Headphones,4,378.32,1513.28,14.71,222.6,Cash,Completed,Wholesale,Jan,2024,12
ORD0011,2024-01-31,CUST866,Customer 1,West,Electronics,Tablet,7,240.82,1685.74,10.77,181.55,Credit Card,Canceled,Corporate,Jan,2024,31
ORD0012,2024-01-14,CUST554,Customer 161,East,Clothing,Jeans,4,226.01,904.04,14.26,128.92,Cash,Canceled,Corporate,Jan,2024,14
ORD0013,2024-01-18,CUST301,Customer 68,West,Furniture,Sofa,6,298.23,1789.38,16.01,286.48,Bank Transfer,Pending,Wholesale,Jan,2024,18
ORD0014,2024-02-23,CUST884,Customer 92,West,Electronics,Smartphone,1,366.51,366.51,21.43,78.54,PayPal,Canceled,Retail,Feb,2024,23
ORD0015,2024-02-25,CUST554,Customer 114,North,Clothing,Shirt,6,175.33,1051.98,6.07,63.86,Bank Transfer,Canceled,Wholesale,Feb,2024,25
ORD0016,2024-01-10,CUST986,Customer 146,South,Furniture,Table,2,419.97,839.94,11.6,97.43,Bank Transfer,Pending,Wholesale,Jan,2024,10
ORD0017,2024-01-23,CUST654,Customer 194,North,Furniture,Chair,2,496.88,993.76,22.36,222.2,Credit Card,Completed,Corporate,Jan,2024,23
ORD0018,2024-01-23,CUST455,Customer 21,West,Clothing,Jeans,7,337.17,2360.19,6.63,156.48,Bank Transfer,Canceled,Corporate,Jan,2024,23
ORD0019,2024-01-05,CUST699,Customer 77,West,Furniture,Sofa,7,71.21,498.47,15.63,77.91,Credit Card,Pending,Retail,Jan,2024,5
ORD0020,2024-02-18,CUST428,Customer 164,East,Furniture,Bed,10,17.53,175.3,21.06,36.92,Cash,Canceled,Corporate,Feb,2024,18
ORD0021,2024-02-07,CUST206,Customer 158,South,Clothing,Jacket,6,192.34,1154.04,10.55,121.75,Credit Card,Pending,Corporate,Feb,2024,7
ORD0022,2024-01-17,CUST318,Customer 199,East,Electronics,Headphones,3,299.2,897.6,25.22,226.37,Cash,Completed,Retail,Jan,2024,17
ORD0023,2024-02-04,CUST718,Customer 198,North,Clothing,Jeans,2,257.88,515.76,15.57,80.3,Bank Transfer,Completed,Corporate,Feb,2024,4
ORD0024,2024-01-02,CUST808,Customer 173,South,Groceries,Cereal,3,166.86,500.58,21.75,108.88,PayPal,Pending,Retail,Jan,2024,2
ORD0025,2024-01-14,CUST253,Customer 78,South,Groceries,Bread,8,177.17,1417.36,8.63,122.32,Credit Card,Completed,Retail,Jan,2024,14
ORD0026,2024-01-15,CUST976,Customer 195,East,Furniture,Chair,5,314.03,1570.15,5.3,83.22,Bank Transfer,Canceled,Wholesale,Jan,2024,15
ORD0027,2024-01-12,CUST893,Customer 183,South,Furniture,Bed,3,190.31,570.93,27.37,156.26,PayPal,Pending,Retail,Jan,2024,12
ORD0028,2024-02-24,CUST389,Customer 189,South,Groceries,Milk,5,462.55,2312.75,20.57,475.73,Bank Transfer,Canceled,Retail,Feb,2024,24
ORD0029,2024-01-19,CUST578,Customer 100,South,Groceries,Bread,1,339.91,339.91,6.3,21.41,Credit Card,Canceled,Corporate,Jan,2024,19
ORD0030,2024-02-03,CUST170,Customer 48,South,Furniture,Bed,4,67.91,271.64,12.52,34.01,Cash,Canceled,Corporate,Feb,2024,3
ORD0031,2024-01-03,CUST413,Customer 188,West,Clothing,Sweater,9,99.44,894.96,21.24,190.09,Cash,Pending,Wholesale,Jan,2024,3
ORD0032,2024-01-15,CUST837,Customer 150,South,Electronics,Smartphone,8,21.51,172.08,29.51,50.78,Credit Card,Canceled,Corporate,Jan,2024,15
ORD0033,2024-02-29,CUST339,Customer 121,North,Electronics,Laptop,5,401.31,2006.55,12.86,258.04,Bank Transfer,Canceled,Corporate,Feb,2024,29
ORD0034,2024-02-21,CUST856,Customer 3,South,Groceries,Cereal,7,252.44,1767.08,15.95,281.85,PayPal,Canceled,Wholesale,Feb,2024,21
ORD0035,2024-01-07,CUST708,Customer 133,South,Electronics,Laptop,9,375.74,3381.66,25.25,853.87,Cash,Pending,Corporate,Jan,2024,7
ORD0036,2024-01-07,CUST199,Customer 138,South,Electronics,Laptop,8,259.09,2072.72,25.45,527.51,Bank Transfer,Canceled,Wholesale,Jan,2024,7
ORD0037,2024-02-27,CUST131,Customer 87,East,Clothing,Sweater,9,420.1,3780.9,11.53,435.94,Cash,Completed,Retail,Feb,2024,27
ORD0038,2024-01-08,CUST241,Customer 43,North,Electronics,Laptop,1,366.03,366.03,23.88,87.41,Cash,Canceled,Corporate,Jan,2024,8
ORD0039,2024-01-07,CUST146,Customer 27,East,Groceries,Milk,7,346.17,2423.19,14.57,353.06,Bank Transfer,Canceled,Retail,Jan,2024,7
ORD0040,2024-01-22,CUST672,Customer 111,South,Groceries,Cereal,4,178.79,715.16,21.91,156.69,Cash,Completed,Wholesale,Jan,2024,22
ORD0041,2024-01-28,CUST711,Customer 29,East,Furniture,Chair,3,278.13,834.39,10.64,88.78,Cash,Completed,Corporate,Jan,2024,28
ORD0042,2024-02-09,CUST236,Customer 13,South,Furniture,Table,8,490.48,3923.84,27.85,1092.79,Bank Transfer,Pending,Corporate,Feb,2024,9
ORD0043,2024-01-28,CUST700,Customer 134,West,Clothing,Jacket,1,36.89,36.89,27.73,10.23,Cash,Completed,Corporate,Jan,2024,28
ORD0044,2024-01-13,CUST879,Customer 91,East,Electronics,Headphones,7,52.9,370.3,16.25,60.17,Bank Transfer,Pending,Wholesale,Jan,2024,13
ORD0045,2024-01-22,CUST352,Customer 178,West,Furniture,Table,7,185.2,1296.4,16.78,217.54,Cash,Canceled,Wholesale,Jan,2024,22
ORD0046,2024-01-19,CUST843,Customer 7,South,Furniture,Sofa,5,254.69,1273.45,18.9,240.68,Credit Card,Canceled,Wholesale,Jan,2024,19
ORD0047,2024-02-03,CUST348,Customer 155,North,Groceries,Bread,8,157.08,1256.64,28.66,360.15,Cash,Pending,Wholesale,Feb,2024,3
ORD0048,2024-02-28,CUST636,Customer 110,East,Clothing,Shirt,4,161.46,645.84,29.49,190.46,PayPal,Completed,Retail,Feb,2024,28
ORD0049,2024-02-29,CUST845,Customer 168,East,Electronics,Tablet,8,15.81,126.48,8.78,11.1,PayPal,Completed,Wholesale,Feb,2024,29
ORD0050,2024-02-08,CUST673,Customer 14,East,Furniture,Bed,1,215.67,215.67,17.27,37.25,Cash,Canceled,Wholesale,Feb,2024,8
ORD0051,2024-01-15,CUST151,Customer 148,East,Groceries,Eggs,8,464.46,3715.68,16.8,624.23,Cash,Completed,Corporate,Jan,2024,15
ORD0052,2024-01-24,CUST215,Customer 177,South,Electronics,Smartphone,7,245.19,1716.33,23.12,396.82,PayPal,Canceled,Retail,Jan,2024,24
ORD0053,2024-02-17,CUST690,Customer 33,East,Electronics,Headphones,3,130.49,391.47,6.07,23.76,Cash,Canceled,Retail,Feb,2024,17
ORD0054,2024-02-11,CUST941,Customer 26,West,Electronics,Headphones,10,83.43,834.3,10.44,87.1,Cash,Pending,Retail,Feb,2024,11
ORD0055,2024-01-08,CUST774,Customer 56,South,Clothing,Sweater,5,455.08,2275.4,7.02,159.73,Credit Card,Canceled,Wholesale,Jan,2024,8
ORD0056,2024-02-21,CUST969,Customer 166,East,Groceries,Milk,10,284.98,2849.8,13.4,381.87,PayPal,Completed,Wholesale,Feb,2024,21
ORD0057,2024-02-02,CUST298,Customer 189,North,Furniture,Sofa,8,144.99,1159.92,22.28,258.43,Bank Transfer,Pending,Retail,Feb,2024,2
ORD0058,2024-01-15,CUST889,Customer 191,West,Groceries,Bread,7,28.85,201.95,25.83,52.16,PayPal,Pending,Corporate,Jan,2024,15
ORD0059,2024-01-13,CUST758,Customer 54,East,Clothing,Jacket,7,491.78,3442.46,16.13,555.27,PayPal,Canceled,Retail,Jan,2024,13
ORD0060,2024-02-01,CUST535,Customer 6,North,Electronics,Smartphone,10,390.37,3903.7,29.26,1142.22,Cash,Completed,Corporate,Feb,2024,1
ORD0061,2024-01-30,CUST537,Customer 117,North,Electronics,Tablet,4,254.8,1019.2,18.32,186.72,Bank Transfer,Completed,Wholesale,Jan,2024,30
ORD0062,2024-01-30,CUST322,Customer 176,South,Clothing,Sweater,5,196.02,980.1,15.65,153.39,Bank Transfer,Canceled,Corporate,Jan,2024,30
ORD0063,2024-01-28,CUST810,Customer 162,South,Furniture,Table,3,289.09,867.27,24.85,215.52,PayPal,Canceled,Corporate,Jan,2024,28
ORD0064,2024-01-03,CUST649,Customer 75,West,Groceries,Bread,7,458.33,3208.31,25.99,833.84,Bank Transfer,Canceled,Corporate,Jan,2024,3
ORD0065,2024-02-05,CUST464,Customer 164,North,Electronics,Laptop,6,87.82,526.92,27.07,142.64,Cash,Pending,Wholesale,Feb,2024,5
ORD0066,2024-01-15,CUST838,Customer 1,West,Groceries,Milk,6,55.4,332.4,19.9,66.15,Bank Transfer,Canceled,Corporate,Jan,2024,15
ORD0067,2024-01-23,CUST189,Customer 72,East,Electronics,Headphones,9,472.53,4252.77,20.97,891.81,Bank Transfer,Completed,Wholesale,Jan,2024,23
ORD0068,2024-02-13,CUST860,Customer 8,East,Electronics,Smartphone,4,258.49,1033.96,14.32,148.06,PayPal,Pending,Retail,Feb,2024,13
ORD0069,2024-01-01,CUST152,Customer 40,North,Groceries,Cereal,9,94.89,854.01,22.51,192.24,Cash,Canceled,Corporate,Jan,2024,1
ORD0070,2024-01-29,CUST854,Customer 108,West,Furniture,Bed,4,474.04,1896.16,8.91,168.95,Bank Transfer,Canceled,Retail,Jan,2024,29
ORD0071,2024-02-21,CUST707,Customer 41,West,Furniture,Chair,9,151.64,1364.76,19.98,272.68,PayPal,Canceled,Retail,Feb,2024,21
ORD0072,2024-01-22,CUST676,Customer 126,East,Furniture,Bed,3,256.79,770.37,16.57,127.65,PayPal,Canceled,Retail,Jan,2024,22
ORD0073,2024-02-27,CUST409,Customer 1,West,Furniture,Bed,1,251.38,251.38,7.22,18.15,PayPal,Pending,Wholesale,Feb,2024,27
ORD0074,2024-02-15,CUST198,Customer 27,East,Electronics,Headphones,7,157.32,1101.24,28.38,312.53,PayPal,Completed,Retail,Feb,2024,15
ORD0075,2024-01-21,CUST774,Customer 37,East,Electronics,Laptop,5,38.51,192.55,8.97,17.27,Cash,Completed,Corporate,Jan,2024,21
ORD0076,2024-01-27,CUST511,Customer 17,North,Groceries,Eggs,8,488.61,3908.88,8.81,344.37,PayPal,Canceled,Retail,Jan,2024,27
ORD0077,2024-01-26,CUST998,Customer 178,West,Furniture,Bed,4,95.2,380.8,5.43,20.68,PayPal,Canceled,Corporate,Jan,2024,26
ORD0078,2024-01-18,CUST718,Customer 145,East,Clothing,Shirt,9,93.27,839.43,19.36,162.51,Cash,Canceled,Wholesale,Jan,2024,18
ORD0079,2024-02-27,CUST792,Customer 17,South,Furniture,Table,4,336.8,1347.2,20.73,279.27,Bank Transfer,Canceled,Corporate,Feb,2024,27
ORD0080,2024-02-09,CUST407,Customer 125,East,Furniture,Chair,9,110.95,998.55,29.76,297.17,PayPal,Canceled,Corporate,Feb,2024,9
ORD0081,2024-01-24,CUST984,Customer 68,East,Groceries,Bread,10,105.52,1055.2,18.61,196.37,Cash,Pending,Corporate,Jan,2024,24
ORD0082,2024-02-06,CUST131,Customer 34,South,Furniture,Bed,3,130.1,390.3,7.04,27.48,Cash,Pending,Corporate,Feb,2024,6
ORD0083,2024-02-21,CUST258,Customer 20,South,Electronics,Tablet,7,284.62,1992.34,27.43,546.5,PayPal,Pending,Corporate,Feb,2024,21
ORD0084,2024-02-21,CUST262,Customer 8,East,Groceries,Cereal,7,100.28,701.96,26.98,189.39,Bank Transfer,Canceled,Retail,Feb,2024,21
ORD0085,2024-02-08,CUST496,Customer 42,South,Groceries,Eggs,8,234.39,1875.12,8.08,151.51,Bank Transfer,Pending,Corporate,Feb,2024,8
ORD0086,2024-01-02,CUST368,Customer 166,East,Electronics,Tablet,1,443.83,443.83,7.88,34.97,Bank Transfer,Pending,Corporate,Jan,2024,2
ORD0087,2024-01-17,CUST784,Customer 123,East,Clothing,Jeans,10,147.28,1472.8,26.89,396.04,Credit Card,Canceled,Retail,Jan,2024,17
ORD0088,2024-01-10,CUST125,Customer 19,South,Clothing,Shirt,3,168.8,506.4,29.02,146.96,Cash,Pending,Retail,Jan,2024,10
ORD0089,2024-02-02,CUST789,Customer 98,South,Furniture,Sofa,6,157.39,944.34,12.54,118.42,PayPal,Completed,Wholesale,Feb,2024,2
ORD0090,2024-02-11,CUST531,Customer 129,West,Groceries,Milk,5,348.91,1744.55,29.66,517.43,Cash,Completed,Retail,Feb,2024,11
ORD0091,2024-02-12,CUST576,Customer 13,East,Furniture,Bed,8,462.35,3698.8,27.24,1007.55,PayPal,Completed,Retail,Feb,2024,12
ORD0092,2024-01-02,CUST454,Customer 98,North,Electronics,Smartphone,3,494.97,1484.91,28.97,430.18,Bank Transfer,Completed,Corporate,Jan,2024,2
ORD0093,2024-02-16,CUST291,Customer 130,North,Clothing,Sweater,4,141.99,567.96,29.72,168.8,PayPal,Pending,Corporate,Feb,2024,16
ORD0094,2024-02-11,CUST560,Customer 125,South,Electronics,Tablet,8,487.31,3898.48,28.92,1127.44,Credit Card,Pending,Retail,Feb,2024,11
ORD0095,2024-01-27,CUST984,Customer 84,North,Furniture,Bed,8,374.12,2992.96,7.05,211.0,Cash,Canceled,Corporate,Jan,2024,27
ORD0096,2024-02-05,CUST621,Customer 152,South,Groceries,Bread,2,58.33,116.66,21.45,25.02,Credit Card,Canceled,Wholesale,Feb,2024,5
ORD0097,2024-02-14,CUST493,Customer 46,East,Groceries,Bread,1,409.5,409.5,11.66,47.75,PayPal,Canceled,Corporate,Feb,2024,14
ORD0098,2024-01-14,CUST495,Customer 129,West,Furniture,Table,8,243.57,1948.56,24.98,486.75,Cash,Completed,Wholesale,Jan,2024,14
ORD0099,2024-02-28,CUST198,Customer 4,West,Electronics,Headphones,3,434.05,1302.15,26.94,350.8,PayPal,Pending,Corporate,Feb,2024,28
ORD0100,2024-02-05,CUST684,Customer 130,South,Furniture,Table,7,167.34,1171.38,29.91,350.36,PayPal,Completed,Corporate,Feb,2024,5
ORD0101,2024-01-24,CUST342,Customer 38,West,Groceries,Eggs,9,74.13,667.17,19.11,127.5,PayPal,Completed,Corporate,Jan,2024,24
ORD0102,2024-01-25,CUST110,Customer 95,North,Clothing,Jeans,8,234.42,1875.36,21.45,402.26,PayPal,Canceled,Corporate,Jan,2024,25
ORD0103,2024-01-28,CUST228,Customer 8,South,Furniture,Chair,4,48.19,192.76,18.54,35.74,Credit Card,Canceled,Wholesale,Jan,2024,28
ORD0104,2024-02-24,CUST958,Customer 18,West,Clothing,Jeans,4,49.25,197.0,21.03,41.43,Cash,Completed,Corporate,Feb,2024,24
ORD0105,2024-01-12,CUST481,Customer 173,North,Furniture,Chair,10,16.52,165.2,24.22,40.01,Credit Card,Completed,Wholesale,Jan,2024,12
ORD0106,2024-01-27,CUST229,Customer 154,East,Clothing,Jacket,1,121.76,121.76,9.07,11.04,Cash,Pending,Corporate,Jan,2024,27
ORD0107,2024-01-04,CUST324,Customer 159,East,Furniture,Bed,5,89.84,449.2,17.8,79.96,PayPal,Pending,Corporate,Jan,2024,4
ORD0108,2024-01-13,CUST265,Customer 187,East,Clothing,Jeans,2,100.35,200.7,14.95,30.0,Cash,Completed,Retail,Jan,2024,13
ORD0109,2024-02-08,CUST175,Customer 2,West,Electronics,Laptop,10,13.96,139.6,8.5,11.87,PayPal,Pending,Corporate,Feb,2024,8
ORD0110,2024-01-31,CUST603,Customer 118,West,Electronics,Smartphone,1,431.09,431.09,13.02,56.13,Credit Card,Canceled,Wholesale,Jan,2024,31
ORD0111,2024-01-19,CUST104,Customer 124,East,Groceries,Eggs,6,285.24,1711.44,8.88,151.98,Cash,Canceled,Wholesale,Jan,2024,19
ORD0112,2024-02-18,CUST434,Customer 49,South,Groceries,Eggs,5,91.17,455.85,7.04,32.09,Bank Transfer,Canceled,Retail,Feb,2024,18
ORD0113,2024-01-08,CUST609,Customer 23,South,Clothing,Jeans,8,52.93,423.44,24.5,103.74,Credit Card,Canceled,Wholesale,Jan,2024,8
ORD0114,2024-02-18,CUST117,Customer 154,East,Electronics,Laptop,8,76.27,610.16,7.36,44.91,Cash,Canceled,Corporate,Feb,2024,18
ORD0115,2024-02-08,CUST803,Customer 21,West,Furniture,Chair,8,425.3,3402.4,20.24,688.65,PayPal,Canceled,Wholesale,Feb,2024,8
ORD0116,2024-02-28,CUST543,Customer 13,East,Electronics,Laptop,10,465.78,4657.8,9.72,452.74,Cash,Completed,Corporate,Feb,2024,28
ORD0117,2024-01-12,CUST121,Customer 96,North,Electronics,Headphones,4,321.91,1287.64,8.09,104.17,PayPal,Canceled,Corporate,Jan,2024,12
ORD0118,2024-02-14,CUST928,Customer 11,West,Clothing,Shirt,8,129.63,1037.04,21.72,225.25,PayPal,Pending,Corporate,Feb,2024,14
ORD0119,2024-01-15,CUST216,Customer 156,South,Clothing,Shirt,5,349.05,1745.25,24.79,432.65,PayPal,Pending,Corporate,Jan,2024,15
ORD0120,2024-01-21,CUST710,Customer 76,North,Electronics,Laptop,7,445.47,3118.29,22.65,706.29,PayPal,Completed,Wholesale,Jan,2024,21
ORD0121,2024-02-17,CUST988,Customer 73,South,Clothing,Jeans,9,57.71,519.39,26.97,140.08,Cash,Pending,Retail,Feb,2024,17
ORD0122,2024-02-02,CUST866,Customer 154,North,Electronics,Laptop,1,27.82,27.82,12.14,3.38,Bank Transfer,Pending,Corporate,Feb,2024,2
ORD0123,2024-02-25,CUST840,Customer 146,North,Groceries,Milk,4,95.88,383.52,11.73,44.99,PayPal,Pending,Retail,Feb,2024,25
ORD0124,2024-01-05,CUST391,Customer 161,West,Electronics,Headphones,6,23.78,142.68,10.93,15.59,PayPal,Canceled,Retail,Jan,2024,5
ORD0125,2024-02-11,CUST583,Customer 118,East,Furniture,Table,9,126.49,1138.41,12.58,143.21,Bank Transfer,Completed,Retail,Feb,2024,11
ORD0126,2024-01-13,CUST809,Customer 181,North,Furniture,Chair,2,324.08,648.16,19.09,123.73,Bank Transfer,Canceled,Corporate,Jan,2024,13
ORD0127,2024-01-19,CUST480,Customer 104,South,Electronics,Headphones,4,310.68,1242.72,16.35,203.18,Bank Transfer,Completed,Corporate,Jan,2024,19
ORD0128,2024-02-18,CUST968,Customer 161,West,Clothing,Shirt,1,389.34,389.34,25.11,97.76,Bank Transfer,Canceled,Retail,Feb,2024,18
ORD0129,2024-02-28,CUST115,Customer 183,South,Furniture,Chair,4,115.38,461.52,10.58,48.83,PayPal,Pending,Corporate,Feb,2024,28
ORD0130,2024-02-27,CUST242,Customer 18,North,Clothing,Shirt,2,273.17,546.34,14.03,76.65,Credit Card,Canceled,Retail,Feb,2024,27
ORD0131,2024-02-10,CUST861,Customer 164,North,Groceries,Cereal,5,169.48,847.4,20.7,175.41,Credit Card,Canceled,Retail,Feb,2024,10
ORD0132,2024-02-15,CUST808,Customer 153,North,Electronics,Tablet,1,474.27,474.27,21.4,101.49,Bank Transfer,Pending,Corporate,Feb,2024,15
ORD0133,2024-01-30,CUST193,Customer 59,South,Clothing,Shirt,5,15.25,76.25,14.87,11.34,Credit Card,Pending,Wholesale,Jan,2024,30
ORD0134,2024-02-20,CUST545,Customer 41,South,Clothing,Sweater,2,219.7,439.4,12.43,54.62,Credit Card,Completed,Corporate,Feb,2024,20
ORD0135,2024-01-03,CUST417,Customer 187,North,Electronics,Smartphone,5,117.03,585.15,22.74,133.06,PayPal,Canceled,Corporate,Jan,2024,3
ORD0136,2024-01-26,CUST239,Customer 105,West,Electronics,Smartphone,8,487.4,3899.2,17.58,685.48,Bank Transfer,Completed,Wholesale,Jan,2024,26
ORD0137,2024-02-01,CUST429,Customer 155,West,Furniture,Sofa,4,464.21,1856.84,14.13,262.37,Credit Card,Completed,Retail,Feb,2024,1
ORD0138,2024-02-03,CUST746,Customer 95,North,Clothing,Shirt,6,430.37,2582.22,7.15,184.63,PayPal,Completed,Corporate,Feb,2024,3
ORD0139,2024-01-09,CUST734,Customer 119,East,Clothing,Sweater,4,333.35,1333.4,15.77,210.28,Credit Card,Completed,Wholesale,Jan,2024,9
ORD0140,2024-01-05,CUST536,Customer 58,North,Clothing,Sweater,5,117.8,589.0,21.58,127.11,PayPal,Pending,Wholesale,Jan,2024,5
ORD0141,2024-01-21,CUST478,Customer 13,East,Furniture,Table,1,270.54,270.54,29.28,79.21,PayPal,Pending,Wholesale,Jan,2024,21
ORD0142,2024-02-29,CUST384,Customer 8,East,Furniture,Chair,9,436.79,3931.11,11.25,442.25,Cash,Canceled,Wholesale,Feb,2024,29
ORD0143,2024-02-21,CUST325,Customer 128,East,Furniture,Chair,9,452.87,4075.83,6.33,258.0,PayPal,Canceled,Corporate,Feb,2024,21
ORD0144,2024-02-21,CUST603,Customer 32,South,Furniture,Bed,8,412.81,3302.48,14.65,483.81,PayPal,Canceled,Wholesale,Feb,2024,21
ORD0145,2024-02-12,CUST773,Customer 49,North,Clothing,Shirt,4,432.73,1730.92,6.64,114.93,Credit Card,Completed,Wholesale,Feb,2024,12
ORD0146,2024-02-23,CUST774,Customer 187,West,Furniture,Bed,1,377.97,377.97,24.28,91.77,Credit Card,Pending,Corporate,Feb,2024,23
ORD0147,2024-01-14,CUST735,Customer 174,East,Groceries,Eggs,2,435.27,870.54,15.91,138.5,Credit Card,Completed,Corporate,Jan,2024,14
ORD0148,2024-02-29,CUST504,Customer 116,West,Clothing,Jacket,7,281.87,1973.09,24.5,483.41,Credit Card,Canceled,Retail,Feb,2024,29
ORD0149,2024-02-22,CUST407,Customer 82,West,Clothing,Jacket,8,164.65,1317.2,13.49,177.69,Cash,Completed,Retail,Feb,2024,22
ORD0150,2024-01-01,CUST438,Customer 41,West,Groceries,Milk,1,415.25,415.25,24.9,103.4,Credit Card,Pending,Retail,Jan,2024,1
ORD0151,2024-01-11,CUST592,Customer 59,West,Groceries,Eggs,4,487.32,1949.28,20.18,393.36,Credit Card,Pending,Corporate,Jan,2024,11
ORD0152,2024-02-08,CUST322,Customer 28,North,Furniture,Table,2,79.16,158.32,18.37,29.08,Bank Transfer,Completed,Corporate,Feb,2024,8
ORD0153,2024-01-03,CUST688,Customer 122,West,Electronics,Laptop,7,170.55,1193.85,26.61,317.68,Cash,Completed,Corporate,Jan,2024,3
ORD0154,2024-02-16,CUST415,Customer 6,East,Furniture,Chair,3,370.71,1112.13,5.07,56.38,Credit Card,Pending,Retail,Feb,2024,16
ORD0155,2024-01-20,CUST197,Customer 25,East,Clothing,Shirt,4,209.4,837.6,17.76,148.76,Cash,Pending,Wholesale,Jan,2024,20
ORD0156,2024-02-27,CUST605,Customer 63,North,Clothing,Jeans,3,347.76,1043.28,11.72,122.27,PayPal,Completed,Retail,Feb,2024,27
ORD0157,2024-02-10,CUST423,Customer 141,East,Furniture,Chair,3,489.95,1469.85,26.63,391.42,Cash,Canceled,Corporate,Feb,2024,10
ORD0158,2024-02-25,CUST317,Customer 66,North,Electronics,Smartphone,10,78.56,785.6,29.38,230.81,PayPal,Pending,Retail,Feb,2024,25
ORD0159,2024-01-17,CUST488,Customer 28,South,Furniture,Bed,2,44.82,89.64,29.41,26.36,Cash,Canceled,Retail,Jan,2024,17
ORD0160,2024-02-21,CUST616,Customer 180,West,Furniture,Bed,10,262.14,2621.4,5.93,155.45,Credit Card,Canceled,Retail,Feb,2024,21
ORD0161,2024-01-04,CUST385,Customer 18,South,Furniture,Table,4,147.6,590.4,10.95,64.65,Credit Card,Pending,Retail,Jan,2024,4
ORD0162,2024-02-23,CUST148,Customer 44,South,Clothing,Shirt,9,105.54,949.86,9.95,94.51,Cash,Pending,Retail,Feb,2024,23
ORD0163,2024-02-20,CUST494,Customer 163,South,Clothing,Jeans,4,303.96,1215.84,27.61,335.69,PayPal,Completed,Corporate,Feb,2024,20
ORD0164,2024-01-05,CUST593,Customer 34,West,Furniture,Bed,1,208.49,208.49,23.24,48.45,Cash,Completed,Corporate,Jan,2024,5
ORD0165,2024-01-17,CUST948,Customer 107,North,Electronics,Smartphone,7,252.69,1768.83,7.37,130.36,Cash,Completed,Corporate,Jan,2024,17
ORD0166,2024-01-24,CUST314,Customer 142,South,Groceries,Bread,1,259.94,259.94,25.84,67.17,PayPal,Pending,Wholesale,Jan,2024,24
ORD0167,2024-01-13,CUST255,Customer 158,West,Clothing,Jacket,3,279.53,838.59,11.15,93.5,Bank Transfer,Completed,Wholesale,Jan,2024,13
ORD0168,2024-02-09,CUST429,Customer 49,West,Electronics,Headphones,4,227.46,909.84,8.58,78.06,Cash,Canceled,Wholesale,Feb,2024,9
ORD0169,2024-02-01,CUST716,Customer 200,South,Clothing,Sweater,4,89.88,359.52,16.41,59.0,PayPal,Completed,Wholesale,Feb,2024,1
ORD0170,2024-01-01,CUST965,Customer 148,South,Groceries,Bread,5,471.58,2357.9,17.3,407.92,Cash,Pending,Wholesale,Jan,2024,1
ORD0171,2024-01-12,CUST597,Customer 161,West,Electronics,Smartphone,10,40.12,401.2,5.75,23.07,Bank Transfer,Completed,Corporate,Jan,2024,12
ORD0172,2024-01-04,CUST869,Customer 134,North,Furniture,Table,7,200.89,1406.23,23.93,336.51,Bank Transfer,Pending,Corporate,Jan,2024,4
ORD0173,2024-01-29,CUST346,Customer 128,North,Electronics,Laptop,5,165.12,825.6,16.37,135.15,PayPal,Completed,Corporate,Jan,2024,29
ORD0174,2024-02-12,CUST249,Customer 157,North,Groceries,Milk,4,352.54,1410.16,19.65,277.1,PayPal,Pending,Wholesale,Feb,2024,12
ORD0175,2024-01-25,CUST983,Customer 194,West,Clothing,Shirt,8,486.93,3895.44,25.16,980.09,Bank Transfer,Completed,Corporate,Jan,2024,25
ORD0176,2024-02-22,CUST737,Customer 48,South,Furniture,Table,3,453.01,1359.03,16.87,229.27,Credit Card,Completed,Retail,Feb,2024,22
ORD0177,2024-02-15,CUST868,Customer 120,West,Clothing,Jeans,2,43.87,87.74,20.4,17.9,Credit Card,Canceled,Retail,Feb,2024,15
ORD0178,2024-02-05,CUST796,Customer 103,North,Electronics,Smartphone,8,72.66,581.28,17.58,102.19,Cash,Canceled,Wholesale,Feb,2024,5
ORD0179,2024-01-30,CUST148,Customer 40,East,Furniture,Chair,2,415.53,831.06,26.94,223.89,PayPal,Canceled,Corporate,Jan,2024,30
ORD0180,2024-02-12,CUST860,Customer 135,East,Groceries,Eggs,9,306.62,2759.58,13.37,368.96,Credit Card,Completed,Retail,Feb,2024,12
ORD0181,2024-02-08,CUST586,Customer 58,West,Electronics,Tablet,1,319.63,319.63,24.7,78.95,PayPal,Completed,Retail,Feb,2024,8
ORD0182,2024-02-19,CUST740,Customer 132,North,Furniture,Table,7,166.46,1165.22,20.48,238.64,Bank Transfer,Completed,Corporate,Feb,2024,19
ORD0183,2024-01-01,CUST403,Customer 200,North,Electronics,Tablet,4,241.26,965.04,27.29,263.36,Bank Transfer,Canceled,Wholesale,Jan,2024,1
ORD0184,2024-01-31,CUST738,Customer 91,South,Furniture,Chair,3,123.54,370.62,5.01,18.57,Bank Transfer,Canceled,Retail,Jan,2024,31
ORD0185,2024-01-28,CUST870,Customer 32,West,Furniture,Table,3,461.1,1383.3,29.83,412.64,PayPal,Pending,Corporate,Jan,2024,28
ORD0186,2024-01-24,CUST765,Customer 25,South,Clothing,Sweater,2,469.91,939.82,18.28,171.8,Credit Card,Completed,Retail,Jan,2024,24
ORD0187,2024-02-17,CUST653,Customer 112,West,Groceries,Eggs,4,325.01,1300.04,9.48,123.24,Bank Transfer,Canceled,Corporate,Feb,2024,17
ORD0188,2024-01-11,CUST226,Customer 171,North,Furniture,Table,3,435.13,1305.39,22.28,290.84,Bank Transfer,Completed,Wholesale,Jan,2024,11
ORD0189,2024-02-22,CUST285,Customer 92,North,Clothing,Sweater,9,338.21,3043.89,8.98,273.34,Bank Transfer,Completed,Corporate,Feb,2024,22
ORD0190,2024-01-21,CUST587,Customer 13,South,Groceries,Eggs,9,339.39,3054.51,15.41,470.7,Cash,Canceled,Corporate,Jan,2024,21
ORD0191,2024-01-28,CUST942,Customer 13,East,Furniture,Chair,10,168.28,1682.8,29.86,502.48,PayPal,Completed,Retail,Jan,2024,28
ORD0192,2024-01-28,CUST350,Customer 1,South,Electronics,Tablet,10,380.08,3800.8,21.01,798.55,PayPal,Canceled,Wholesale,Jan,2024,28
ORD0193,2024-01-27,CUST221,Customer 19,West,Clothing,Shirt,10,294.89,2948.9,28.28,833.95,Credit Card,Pending,Corporate,Jan,2024,27
ORD0194,2024-02-13,CUST306,Customer 126,West,Groceries,Bread,8,423.07,3384.56,7.6,257.23,Cash,Pending,Wholesale,Feb,2024,13
ORD0195,2024-01-06,CUST634,Customer 29,East,Electronics,Laptop,5,462.34,2311.7,11.81,273.01,Credit Card,Pending,Corporate,Jan,2024,6
ORD0196,2024-02-29,CUST455,Customer 65,North,Furniture,Sofa,4,173.13,692.52,12.55,86.91,Bank Transfer,Pending,Retail,Feb,2024,29
ORD0197,2024-02-18,CUST211,Customer 39,East,Groceries,Cereal,6,155.07,930.42,14.89,138.54,Credit Card,Canceled,Wholesale,Feb,2024,18
ORD0198,2024-02-01,CUST938,Customer 87,West,Furniture,Sofa,4,255.43,1021.72,27.03,276.17,Cash,Completed,Corporate,Feb,2024,1
ORD0199,2024-02-20,CUST224,Customer 188,West,Clothing,Sweater,9,362.6,3263.4,12.04,392.91,Credit Card,Canceled,Corporate,Feb,2024,20
ORD0200,2024-01-11,CUST579,Customer 176,East,Electronics,Smartphone,3,298.29,894.87,13.09,117.14,Cash,Pending,Corporate,Jan,2024,11
ORD0201,2024-01-07,CUST748,Customer 66,West,Electronics,Smartphone,9,396.38,3567.42,14.75,526.19,PayPal,Completed,Wholesale,Jan,2024,7
ORD0202,2024-01-17,CUST682,Customer 85,East,Groceries,Eggs,4,400.8,1603.2,19.4,311.02,PayPal,Pending,Wholesale,Jan,2024,17
ORD0203,2024-02-12,CUST994,Customer 17,North,Furniture,Bed,5,441.84,2209.2,22.25,491.55,PayPal,Pending,Corporate,Feb,2024,12
ORD0204,2024-02-12,CUST667,Customer 109,South,Clothing,Shirt,10,314.13,3141.3,28.8,904.69,Bank Transfer,Canceled,Corporate,Feb,2024,12
ORD0205,2024-01-29,CUST555,Customer 171,West,Clothing,Sweater,10,116.16,1161.6,24.97,290.05,Credit Card,Pending,Retail,Jan,2024,29
ORD0206,2024-01-10,CUST614,Customer 125,West,Groceries,Eggs,5,266.24,1331.2,13.31,177.18,PayPal,Completed,Wholesale,Jan,2024,10
ORD0207,2024-01-17,CUST749,Customer 88,East,Furniture,Table,1,134.79,134.79,18.76,25.29,PayPal,Completed,Wholesale,Jan,2024,17
ORD0208,2024-02-11,CUST505,Customer 188,West,Furniture,Bed,3,205.39,616.17,10.93,67.35,PayPal,Pending,Wholesale,Feb,2024,11
ORD0209,2024-02-07,CUST940,Customer 32,East,Clothing,Sweater,2,426.42,852.84,11.99,102.26,PayPal,Canceled,Retail,Feb,2024,7
ORD0210,2024-02-16,CUST379,Customer 197,West,Groceries,Bread,9,376.32,3386.88,15.68,531.06,Credit Card,Pending,Wholesale,Feb,2024,16
ORD0211,2024-02-05,CUST761,Customer 74,West,Electronics,Headphones,8,76.95,615.6,9.68,59.59,Bank Transfer,Pending,Retail,Feb,2024,5
ORD0212,2024-01-30,CUST735,Customer 188,North,Furniture,Bed,2,437.63,875.26,13.27,116.15,Bank Transfer,Canceled,Retail,Jan,2024,30
ORD0213,2024-02-20,CUST949,Customer 4,East,Electronics,Smartphone,2,55.05,110.1,26.66,29.35,Credit Card,Canceled,Wholesale,Feb,2024,20
ORD0214,2024-02-18,CUST884,Customer 15,East,Furniture,Table,1,472.79,472.79,25.33,119.76,Cash,Completed,Corporate,Feb,2024,18
ORD0215,2024-02-24,CUST430,Customer 88,North,Electronics,Headphones,4,24.26,97.04,15.63,15.17,PayPal,Pending,Retail,Feb,2024,24
ORD0216,2024-01-30,CUST306,Customer 110,South,Furniture,Sofa,1,42.74,42.74,23.74,10.15,Bank Transfer,Pending,Corporate,Jan,2024,30
ORD0217,2024-01-19,CUST609,Customer 179,North,Clothing,Sweater,1,379.5,379.5,10.66,40.45,Credit Card,Completed,Corporate,Jan,2024,19
ORD0218,2024-01-29,CUST843,Customer 145,South,Furniture,Chair,7,235.89,1651.23,15.05,248.51,Bank Transfer,Completed,Wholesale,Jan,2024,29
ORD0219,2024-02-05,CUST962,Customer 62,West,Furniture,Sofa,5,271.4,1357.0,25.17,341.56,Credit Card,Pending,Corporate,Feb,2024,5
ORD0220,2024-01-11,CUST824,Customer 92,West,Furniture,Bed,8,236.27,1890.16,7.39,139.68,Bank Transfer,Pending,Corporate,Jan,2024,11
ORD0221,2024-01-23,CUST438,Customer 48,West,Electronics,Tablet,5,216.65,1083.25,16.64,180.25,PayPal,Pending,Wholesale,Jan,2024,23
ORD0222,2024-02-12,CUST883,Customer 144,East,Furniture,Bed,9,226.17,2035.53,27.39,557.53,PayPal,Completed,Retail,Feb,2024,12
ORD0223,2024-01-31,CUST999,Customer 188,South,Groceries,Milk,4,137.22,548.88,21.06,115.59,Credit Card,Canceled,Corporate,Jan,2024,31
ORD0224,2024-02-04,CUST672,Customer 77,West,Clothing,Jeans,3,437.02,1311.06,17.16,224.98,Credit Card,Pending,Retail,Feb,2024,4
ORD0225,2024-01-27,CUST727,Customer 170,West,Electronics,Headphones,9,243.31,2189.79,29.94,655.62,Bank Transfer,Completed,Wholesale,Jan,2024,27
ORD0226,2024-02-10,CUST463,Customer 180,South,Furniture,Sofa,2,251.4,502.8,13.75,69.14,PayPal,Pending,Retail,Feb,2024,10
ORD0227,2024-02-26,CUST422,Customer 12,South,Electronics,Tablet,8,366.52,2932.16,7.51,220.21,Bank Transfer,Completed,Retail,Feb,2024,26
ORD0228,2024-01-14,CUST392,Customer 97,North,Groceries,Eggs,10,160.87,1608.7,6.27,100.87,Bank Transfer,Canceled,Corporate,Jan,2024,14
ORD0229,2024-01-28,CUST437,Customer 100,South,Furniture,Table,1,163.92,163.92,24.7,40.49,PayPal,Pending,Wholesale,Jan,2024,28
ORD0230,2024-02-29,CUST259,Customer 112,East,Clothing,Jeans,9,63.65,572.85,23.48,134.51,Bank Transfer,Canceled,Corporate,Feb,2024,29
ORD0231,2024-02-10,CUST527,Customer 4,North,Clothing,Jeans,10,367.14,3671.4,14.83,544.47,PayPal,Canceled,Wholesale,Feb,2024,10
ORD0232,2024-01-08,CUST336,Customer 178,East,Furniture,Chair,10,17.69,176.9,22.25,39.36,PayPal,Canceled,Corporate,Jan,2024,8
ORD0233,2024-01-18,CUST335,Customer 33,North,Groceries,Milk,9,207.92,1871.28,18.79,351.61,Cash,Pending,Wholesale,Jan,2024,18
ORD0234,2024-01-11,CUST856,Customer 58,South,Groceries,Cereal,1,101.5,101.5,17.67,17.94,PayPal,Completed,Wholesale,Jan,2024,11
ORD0235,2024-02-06,CUST767,Customer 83,West,Electronics,Tablet,1,389.63,389.63,18.63,72.59,Bank Transfer,Completed,Wholesale,Feb,2024,6
ORD0236,2024-01-03,CUST371,Customer 72,South,Furniture,Table,9,197.65,1778.85,14.87,264.51,PayPal,Canceled,Wholesale,Jan,2024,3
ORD0237,2024-01-24,CUST879,Customer 142,North,Clothing,Sweater,8,151.14,1209.12,26.28,317.76,Bank Transfer,Canceled,Wholesale,Jan,2024,24
ORD0238,2024-01-28,CUST437,Customer 153,West,Groceries,Eggs,10,381.78,3817.8,8.47,323.37,Cash,Pending,Corporate,Jan,2024,28
ORD0239,2024-01-10,CUST650,Customer 29,East,Electronics,Smartphone,4,272.46,1089.84,23.27,253.61,PayPal,Pending,Retail,Jan,2024,10
ORD0240,2024-01-20,CUST560,Customer 143,South,Clothing,Shirt,8,333.39,2667.12,11.51,306.99,Credit Card,Completed,Wholesale,Jan,2024,20
ORD0241,2024-02-15,CUST583,Customer 167,South,Groceries,Eggs,10,59.36,593.6,15.26,90.58,Cash,Canceled,Corporate,Feb,2024,15
ORD0242,2024-01-10,CUST321,Customer 21,West,Furniture,Sofa,10,196.64,1966.4,24.69,485.5,Credit Card,Completed,Wholesale,Jan,2024,10
ORD0243,2024-02-16,CUST458,Customer 97,North,Clothing,Jeans,5,149.04,745.2,20.94,156.04,Credit Card,Canceled,Corporate,Feb,2024,16
ORD0244,2024-01-12,CUST955,Customer 73,East,Furniture,Bed,1,135.21,135.21,19.26,26.04,Credit Card,Completed,Wholesale,Jan,2024,12
ORD0245,2024-01-24,CUST813,Customer 177,South,Groceries,Bread,4,154.45,617.8,13.58,83.9,Credit Card,Pending,Retail,Jan,2024,24
ORD0246,2024-02-06,CUST668,Customer 49,South,Furniture,Bed,4,390.91,1563.64,5.21,81.47,PayPal,Pending,Wholesale,Feb,2024,6
ORD0247,2024-01-20,CUST845,Customer 35,South,Clothing,Jacket,7,472.73,3309.11,16.46,544.68,PayPal,Completed,Retail,Jan,2024,20
ORD0248,2024-01-13,CUST790,Customer 88,North,Electronics,Laptop,9,238.07,2142.63,24.46,524.09,Bank Transfer,Completed,Wholesale,Jan,2024,13
ORD0249,2024-02-10,CUST921,Customer 122,North,Electronics,Headphones,4,452.88,1811.52,23.73,429.87,PayPal,Pending,Corporate,Feb,2024,10
ORD0250,2024-01-26,CUST430,Customer 12,East,Electronics,Tablet,10,312.13,3121.3,14.49,452.28,Bank Transfer,Canceled,Corporate,Jan,2024,26
ORD0251,2024-02-18,CUST328,Customer 47,North,Electronics,Tablet,10,82.26,822.6,28.1,231.15,PayPal,Completed,Retail,Feb,2024,18
ORD0252,2024-01-09,CUST717,Customer 59,North,Clothing,Shirt,6,314.88,1889.28,24.71,466.84,Credit Card,Pending,Retail,Jan,2024,9
ORD0253,2024-01-14,CUST837,Customer 60,East,Electronics,Headphones,9,73.83,664.47,17.66,117.35,Bank Transfer,Canceled,Retail,Jan,2024,14
ORD0254,2024-02-07,CUST242,Customer 107,East,Electronics,Smartphone,9,19.35,174.15,26.99,47.0,Credit Card,Pending,Corporate,Feb,2024,7
ORD0255,2024-02-15,CUST844,Customer 146,South,Clothing,Shirt,8,402.04,3216.32,5.8,186.55,Bank Transfer,Canceled,Retail,Feb,2024,15
ORD0256,2024-02-16,CUST543,Customer 85,South,Groceries,Cereal,3,224.55,673.65,6.01,40.49,Cash,Completed,Retail,Feb,2024,16
ORD0257,2024-01-08,CUST165,Customer 135,West,Furniture,Chair,4,374.51,1498.04,16.22,242.98,Cash,Completed,Corporate,Jan,2024,8
ORD0258,2024-02-13,CUST254,Customer 163,North,Furniture,Table,1,429.41,429.41,25.02,107.44,Bank Transfer,Completed,Corporate,Feb,2024,13
ORD0259,2024-02-14,CUST462,Customer 3,East,Electronics,Smartphone,6,122.45,734.7,28.78,211.45,Credit Card,Canceled,Retail,Feb,2024,14
ORD0260,2024-02-11,CUST589,Customer 157,South,Furniture,Sofa,10,473.09,4730.9,19.47,921.11,PayPal,Completed,Corporate,Feb,2024,11
ORD0261,2024-02-09,CUST581,Customer 105,West,Furniture,Bed,4,64.3,257.2,9.21,23.69,Credit Card,Pending,Wholesale,Feb,2024,9
ORD0262,2024-02-26,CUST342,Customer 93,West,Clothing,Sweater,5,36.35,181.75,5.06,9.2,Credit Card,Pending,Retail,Feb,2024,26
ORD0263,2024-01-31,CUST380,Customer 52,West,Furniture,Table,3,14.47,43.41,8.42,3.66,Bank Transfer,Canceled,Retail,Jan,2024,31
ORD0264,2024-02-07,CUST645,Customer 179,South,Electronics,Headphones,5,257.2,1286.0,13.69,176.05,Bank Transfer,Canceled,Wholesale,Feb,2024,7
ORD0265,2024-01-03,CUST224,Customer 34,South,Furniture,Chair,9,240.49,2164.41,23.88,516.86,Cash,Completed,Corporate,Jan,2024,3
ORD0266,2024-01-17,CUST465,Customer 43,East,Furniture,Table,10,27.46,274.6,26.38,72.44,Cash,Completed,Retail,Jan,2024,17
ORD0267,2024-01-06,CUST699,Customer 131,West,Electronics,Tablet,2,327.83,655.66,23.16,151.85,PayPal,Completed,Corporate,Jan,2024,6
ORD0268,2024-02-02,CUST665,Customer 78,North,Groceries,Cereal,9,331.91,2987.19,15.69,468.69,Cash,Completed,Corporate,Feb,2024,2
ORD0269,2024-01-15,CUST580,Customer 25,South,Clothing,Jacket,7,116.14,812.98,15.26,124.06,Bank Transfer,Canceled,Wholesale,Jan,2024,15
ORD0270,2024-01-30,CUST861,Customer 172,South,Furniture,Bed,2,32.94,65.88,18.77,12.37,Bank Transfer,Completed,Retail,Jan,2024,30
ORD0271,2024-02-04,CUST891,Customer 132,West,Electronics,Smartphone,7,139.91,979.37,27.47,269.03,Credit Card,Canceled,Corporate,Feb,2024,4
ORD0272,2024-01-11,CUST177,Customer 47,South,Electronics,Headphones,1,37.46,37.46,5.45,2.04,Cash,Pending,Retail,Jan,2024,11
ORD0273,2024-01-14,CUST366,Customer 84,East,Electronics,Laptop,1,274.31,274.31,18.88,51.79,Credit Card,Canceled,Wholesale,Jan,2024,14
ORD0274,2024-02-01,CUST865,Customer 181,East,Groceries,Milk,2,347.48,694.96,10.04,69.77,Credit Card,Canceled,Retail,Feb,2024,1
ORD0275,2024-01-13,CUST322,Customer 28,West,Clothing,Sweater,7,165.52,1158.64,14.77,171.13,Credit Card,Canceled,Corporate,Jan,2024,13
ORD0276,2024-01-11,CUST234,Customer 75,North,Groceries,Eggs,7,258.47,1809.29,15.38,278.27,Bank Transfer,Pending,Retail,Jan,2024,11
ORD0277,2024-01-11,CUST988,Customer 165,South,Groceries,Cereal,5,189.89,949.45,24.23,230.05,Cash,Completed,Corporate,Jan,2024,11
ORD0278,2024-01-21,CUST253,Customer 196,West,Groceries,Bread,10,36.42,364.2,15.5,56.45,PayPal,Completed,Retail,Jan,2024,21
ORD0279,2024-01-01,CUST275,Customer 164,South,Groceries,Milk,7,306.98,2148.86,8.57,184.16,Bank Transfer,Canceled,Retail,Jan,2024,1
ORD0280,2024-01-12,CUST145,Customer 192,North,Furniture,Chair,1,333.68,333.68,23.61,78.78,Bank Transfer,Canceled,Retail,Jan,2024,12
ORD0281,2024-02-28,CUST732,Customer 186,West,Clothing,Jeans,8,115.52,924.16,7.04,65.06,Credit Card,Canceled,Corporate,Feb,2024,28
ORD0282,2024-02-22,CUST231,Customer 170,South,Electronics,Tablet,5,275.95,1379.75,17.24,237.87,PayPal,Canceled,Corporate,Feb,2024,22
ORD0283,2024-02-10,CUST825,Customer 57,East,Electronics,Headphones,9,417.32,3755.88,9.6,360.56,Cash,Pending,Retail,Feb,2024,10
ORD0284,2024-01-05,CUST729,Customer 111,East,Clothing,Jacket,5,233.03,1165.15,12.45,145.06,Cash,Pending,Wholesale,Jan,2024,5
ORD0285,2024-01-13,CUST840,Customer 73,North,Clothing,Jacket,7,166.3,1164.1,28.89,336.31,PayPal,Completed,Corporate,Jan,2024,13
ORD0286,2024-01-17,CUST948,Customer 121,North,Furniture,Bed,4,397.48,1589.92,25.88,411.47,Credit Card,Canceled,Retail,Jan,2024,17
ORD0287,2024-02-21,CUST697,Customer 136,West,Furniture,Chair,5,163.14,815.7,22.22,181.25,PayPal,Completed,Wholesale,Feb,2024,21
ORD0288,2024-01-14,CUST952,Customer 191,West,Electronics,Laptop,6,20.37,122.22,24.83,30.35,Bank Transfer,Pending,Corporate,Jan,2024,14
ORD0289,2024-02-17,CUST658,Customer 88,South,Groceries,Eggs,6,313.09,1878.54,16.54,310.71,Cash,Completed,Wholesale,Feb,2024,17
ORD0290,2024-02-27,CUST726,Customer 43,North,Clothing,Sweater,10,314.74,3147.4,7.69,242.04,Credit Card,Pending,Corporate,Feb,2024,27
ORD0291,2024-01-20,CUST190,Customer 126,West,Groceries,Eggs,8,308.66,2469.28,13.49,333.11,Cash,Completed,Corporate,Jan,2024,20
ORD0292,2024-01-15,CUST490,Customer 184,West,Electronics,Smartphone,4,110.71,442.84,17.79,78.78,Bank Transfer,Completed,Wholesale,Jan,2024,15
ORD0293,2024-02-09,CUST847,Customer 76,West,Clothing,Jacket,2,388.82,777.64,5.78,44.95,Bank Transfer,Completed,Retail,Feb,2024,9
ORD0294,2024-01-07,CUST267,Customer 193,East,Electronics,Smartphone,5,313.66,1568.3,27.31,428.3,Bank Transfer,Pending,Retail,Jan,2024,7
ORD0295,2024-01-21,CUST801,Customer 39,South,Clothing,Shirt,2,325.57,651.14,24.93,162.33,PayPal,Canceled,Wholesale,Jan,2024,21
ORD0296,2024-01-20,CUST431,Customer 195,South,Clothing,Sweater,4,65.67,262.68,29.47,77.41,PayPal,Pending,Wholesale,Jan,2024,20
ORD0297,2024-01-31,CUST143,Customer 114,East,Electronics,Smartphone,3,489.61,1468.83,9.22,135.43,PayPal,Completed,Retail,Jan,2024,31
ORD0298,2024-01-11,CUST732,Customer 190,East,Groceries,Bread,7,395.55,2768.85,28.4,786.35,Credit Card,Pending,Retail,Jan,2024,11
ORD0299,2024-02-23,CUST558,Customer 113,North,Groceries,Eggs,9,30.13,271.17,22.35,60.61,Credit Card,Pending,Wholesale,Feb,2024,23
ORD0300,2024-02-11,CUST859,Customer 43,North,Furniture,Bed,2,96.12,192.24,5.72,11.0,PayPal,Completed,Corporate,Feb,2024,11
